{
  "source_log_dir": "logs/depth_simple_x_plus_1_1024_speedup_20260323_004632",
  "gpu_mode": "gpu_repro",
  "sweep_key": "max_expr_depth",
  "sweep_label": "Exact Depth",
  "x_values": [
    5,
    7,
    9,
    11,
    13,
    15
  ],
  "startup_biased_metrics": [
    "gpu_eval_init_ms",
    "repro_setup_ms"
  ],
  "cpu_segments_ms": {
    "Compile": [
      2.982,
      2.967,
      3.082,
      3.11,
      3.124,
      3.08
    ],
    "Eval": [
      2336.563,
      2205.575,
      1959.709,
      2015.579,
      2961.162,
      2013.89
    ],
    "Selection": [
      0.537,
      0.526,
      0.538,
      0.563,
      0.73,
      0.588
    ],
    "Crossover": [
      4.635,
      4.604,
      4.709,
      4.715,
      4.642,
      4.792
    ],
    "Mutation": [
      4.484,
      4.459,
      4.461,
      4.514,
      4.473,
      4.557
    ],
    "Repro Other": [
      0.5019999999999989,
      0.503000000000001,
      0.5060000000000002,
      0.5439999999999996,
      0.5139999999999993,
      0.5210000000000008
    ],
    "Run Other": [
      3.557999999999895,
      3.536000000000156,
      3.519999999999923,
      3.8010000000001707,
      3.9050000000005785,
      3.5639999999999343
    ]
  },
  "cpu_totals_ms": [
    2353.261,
    2222.1699999999996,
    1976.5250000000003,
    2032.826,
    2978.55,
    2030.9919999999997
  ],
  "gpu_segments_ms": {
    "Compile": [
      2.967,
      2.983,
      3.084,
      2.998,
      2.885,
      3.267
    ],
    "Eval Init (first gen only)": [
      125.278,
      143.06,
      146.194,
      132.483,
      128.871,
      124.047
    ],
    "Eval Pack/Launch/Upload": [
      2.3499999999999996,
      2.355,
      2.2880000000000003,
      2.473,
      2.212,
      2.366
    ],
    "Eval Kernel": [
      12.984,
      11.981,
      11.422,
      11.404,
      14.556,
      11.355
    ],
    "Eval Finish": [
      0.041999999999999815,
      0.04400000000000226,
      0.041999999999999815,
      0.04300000000000104,
      0.041999999999999815,
      0.04100000000000037
    ],
    "Repro Setup (usually first gen only)": [
      1.124,
      1.159,
      1.113,
      1.102,
      1.133,
      1.103
    ],
    "Repro Prepare/Preprocess/Pack": [
      4.353999999999999,
      4.476999999999999,
      4.375,
      4.433,
      4.388999999999999,
      4.407
    ],
    "Repro Upload/Kernel": [
      0.405,
      0.395,
      0.476,
      0.43899999999999995,
      0.43,
      0.42999999999999994
    ],
    "Repro Finish": [
      3.564,
      3.6029999999999998,
      3.5510000000000006,
      3.669000000000002,
      3.5770000000000013,
      3.5770000000000004
    ],
    "Run Other": [
      4.525999999999986,
      4.515000000000001,
      4.022000000000006,
      4.14700000000002,
      4.062999999999985,
      4.111000000000015
    ]
  },
  "gpu_totals_ms": [
    157.59399999999997,
    174.572,
    176.567,
    163.19100000000003,
    162.15800000000002,
    154.70400000000004
  ],
  "gpu_without_first_gen_segments_ms": {
    "Compile": [
      2.967,
      2.983,
      3.084,
      2.998,
      2.885,
      3.267
    ],
    "Eval Pack/Launch/Upload": [
      2.3499999999999996,
      2.355,
      2.2880000000000003,
      2.473,
      2.212,
      2.366
    ],
    "Eval Kernel": [
      12.984,
      11.981,
      11.422,
      11.404,
      14.556,
      11.355
    ],
    "Eval Finish": [
      0.041999999999999815,
      0.04400000000000226,
      0.041999999999999815,
      0.04300000000000104,
      0.041999999999999815,
      0.04100000000000037
    ],
    "Repro Prepare/Preprocess/Pack": [
      4.353999999999999,
      4.476999999999999,
      4.375,
      4.433,
      4.388999999999999,
      4.407
    ],
    "Repro Upload/Kernel": [
      0.405,
      0.395,
      0.476,
      0.43899999999999995,
      0.43,
      0.42999999999999994
    ],
    "Repro Finish": [
      3.564,
      3.6029999999999998,
      3.5510000000000006,
      3.669000000000002,
      3.5770000000000013,
      3.5770000000000004
    ],
    "Run Other": [
      4.525999999999986,
      4.515000000000001,
      4.022000000000006,
      4.14700000000002,
      4.062999999999985,
      4.111000000000015
    ]
  },
  "gpu_without_first_gen_totals_ms": [
    31.19199999999999,
    30.353,
    29.260000000000005,
    29.60600000000002,
    32.15399999999998,
    29.554000000000016
  ],
  "cpu_vs_gpu_speedup_x": [
    14.93242763049355,
    12.729246385445544,
    11.194192572791067,
    12.456728618612544,
    18.36819645037556,
    13.128244906401898
  ],
  "cpu_vs_gpu_without_startup_speedup_x": [
    75.44437676327266,
    73.21088525022236,
    67.55041011619959,
    68.66263595217181,
    92.6338869192014,
    68.72139135142446
  ],
  "gpu_x_values": [
    5,
    7,
    9,
    11,
    13,
    15
  ]
}