{
  "source_log_dir": "logs/node_simple_x_plus_1_1024_speedup_rerun_20260325_211453",
  "gpu_mode": "gpu_repro",
  "sweep_key": "target_node_count",
  "sweep_label": "Number of nodes",
  "x_values": [
    20,
    30,
    40,
    50,
    60,
    70
  ],
  "startup_biased_metrics": [
    "gpu_eval_init_ms",
    "repro_setup_ms"
  ],
  "cpu_segments_ms": {
    "Compile": [
      3.676,
      3.747,
      3.521,
      3.202,
      3.526,
      3.573
    ],
    "Eval": [
      7887.059,
      4326.288,
      4190.745,
      2328.312,
      2633.425,
      2660.446
    ],
    "Selection": [
      0.635,
      0.588,
      0.593,
      0.665,
      0.696,
      0.91
    ],
    "Crossover": [
      6.635,
      5.058,
      5.149,
      5.533,
      5.138,
      7.243
    ],
    "Mutation": [
      7.182,
      5.096,
      5.2,
      5.309,
      4.941,
      6.955
    ],
    "Repro Other": [
      0.6739999999999995,
      0.5560000000000009,
      0.5600000000000005,
      0.552999999999999,
      0.5420000000000007,
      0.8609999999999989
    ],
    "Run Other": [
      4.270999999999026,
      3.9040000000002255,
      4.124000000000203,
      4.0089999999999595,
      4.00199999999996,
      5.0370000000003134
    ]
  },
  "cpu_totals_ms": [
    7910.132,
    4345.236999999999,
    4209.892,
    2347.583,
    2652.2699999999995,
    2685.0249999999996
  ],
  "gpu_segments_ms": {
    "Compile": [
      3.684,
      4.806,
      3.296,
      3.333,
      3.428,
      3.533
    ],
    "Eval Init (first gen only)": [
      159.126,
      166.563,
      168.14,
      161.364,
      148.844,
      155.112
    ],
    "Eval Pack/Launch/Upload": [
      3.074,
      3.826,
      3.6879999999999997,
      3.456,
      2.948,
      2.821
    ],
    "Eval Kernel": [
      43.53,
      21.148,
      18.772,
      9.468,
      10.93,
      11.805
    ],
    "Eval Finish": [
      0.054999999999999716,
      0.062000000000001165,
      0.04800000000000182,
      0.06300000000000061,
      0.0389999999999997,
      0.04800000000000004
    ],
    "Repro Setup (usually first gen only)": [
      2.017,
      1.705,
      1.798,
      1.847,
      1.837,
      1.425
    ],
    "Repro Prepare/Preprocess/Pack": [
      7.2059999999999995,
      6.933,
      6.438000000000001,
      6.955,
      7.002000000000001,
      4.987
    ],
    "Repro Upload/Kernel": [
      0.938,
      0.9,
      0.888,
      0.899,
      0.905,
      0.8460000000000001
    ],
    "Repro Finish": [
      6.277999999999999,
      5.950999999999998,
      4.093999999999999,
      5.964000000000001,
      5.957000000000002,
      4.210000000000001
    ],
    "Run Other": [
      5.901000000000003,
      5.548000000000005,
      4.319000000000006,
      5.527000000000008,
      4.443000000000005,
      4.503000000000004
    ]
  },
  "gpu_totals_ms": [
    231.809,
    217.442,
    211.48099999999997,
    198.876,
    186.333,
    189.29000000000002
  ],
  "gpu_without_first_gen_segments_ms": {
    "Compile": [
      3.684,
      4.806,
      3.296,
      3.333,
      3.428,
      3.533
    ],
    "Eval Pack/Launch/Upload": [
      3.074,
      3.826,
      3.6879999999999997,
      3.456,
      2.948,
      2.821
    ],
    "Eval Kernel": [
      43.53,
      21.148,
      18.772,
      9.468,
      10.93,
      11.805
    ],
    "Eval Finish": [
      0.054999999999999716,
      0.062000000000001165,
      0.04800000000000182,
      0.06300000000000061,
      0.0389999999999997,
      0.04800000000000004
    ],
    "Repro Prepare/Preprocess/Pack": [
      7.2059999999999995,
      6.933,
      6.438000000000001,
      6.955,
      7.002000000000001,
      4.987
    ],
    "Repro Upload/Kernel": [
      0.938,
      0.9,
      0.888,
      0.899,
      0.905,
      0.8460000000000001
    ],
    "Repro Finish": [
      6.277999999999999,
      5.950999999999998,
      4.093999999999999,
      5.964000000000001,
      5.957000000000002,
      4.210000000000001
    ],
    "Run Other": [
      5.901000000000003,
      5.548000000000005,
      4.319000000000006,
      5.527000000000008,
      4.443000000000005,
      4.503000000000004
    ]
  },
  "gpu_without_first_gen_totals_ms": [
    70.66600000000003,
    49.17400000000001,
    41.543000000000006,
    35.665000000000006,
    35.65200000000001,
    32.75300000000001
  ],
  "cpu_vs_gpu_speedup_x": [
    34.12348959703894,
    19.983430064109044,
    19.906715024044715,
    11.804254912608862,
    14.234032619020782,
    14.18471657245496
  ],
  "cpu_vs_gpu_without_startup_speedup_x": [
    111.93688619703956,
    88.36452190181801,
    101.33817971740123,
    65.82315996074583,
    74.39330191854592,
    81.97798674930537
  ],
  "gpu_x_values": [
    20,
    30,
    40,
    50,
    60,
    70
  ]
}