{
  "source_log_dir": "logs/depth_simple_x_plus_1_1024_speedup_rerun_20260325_211946",
  "gpu_mode": "gpu_repro",
  "sweep_key": "max_expr_depth",
  "sweep_label": "Exact Depth",
  "x_values": [
    5,
    7,
    9,
    11,
    13,
    15
  ],
  "startup_biased_metrics": [
    "gpu_eval_init_ms",
    "repro_setup_ms"
  ],
  "cpu_segments_ms": {
    "Compile": [
      3.419,
      3.409,
      3.718,
      4.793,
      3.239,
      3.444
    ],
    "Eval": [
      2732.975,
      2870.854,
      2607.851,
      2617.11,
      3716.64,
      2460.617
    ],
    "Selection": [
      0.585,
      0.603,
      0.958,
      0.616,
      0.631,
      0.607
    ],
    "Crossover": [
      5.303,
      4.981,
      7.544,
      5.272,
      5.435,
      5.268
    ],
    "Mutation": [
      5.191,
      4.881,
      7.218,
      5.088,
      5.354,
      5.031
    ],
    "Repro Other": [
      0.5489999999999995,
      0.5589999999999993,
      0.8860000000000028,
      0.5829999999999993,
      0.577,
      0.5750000000000011
    ],
    "Run Other": [
      4.175000000000338,
      4.014000000000012,
      5.294999999999838,
      4.153999999999739,
      4.339999999999989,
      3.9680000000000692
    ]
  },
  "cpu_totals_ms": [
    2752.1969999999997,
    2889.3010000000004,
    2633.4699999999993,
    2637.616,
    3736.216,
    2479.5099999999998
  ],
  "gpu_segments_ms": {
    "Compile": [
      3.515,
      4.684,
      3.435,
      3.827,
      3.347,
      3.383
    ],
    "Eval Init (first gen only)": [
      153.765,
      157.132,
      151.545,
      146.627,
      137.817,
      152.945
    ],
    "Eval Pack/Launch/Upload": [
      2.932,
      2.99,
      2.747,
      3.447,
      2.863,
      3.853
    ],
    "Eval Kernel": [
      10.738,
      9.865,
      9.436,
      9.486,
      12.762,
      9.757
    ],
    "Eval Finish": [
      0.04299999999999926,
      0.04299999999999926,
      0.038000000000000256,
      0.05000000000000071,
      0.0649999999999995,
      0.06099999999999994
    ],
    "Repro Setup (usually first gen only)": [
      1.402,
      1.467,
      1.423,
      1.491,
      1.994,
      1.653
    ],
    "Repro Prepare/Preprocess/Pack": [
      5.004,
      5.086,
      5.164999999999999,
      5.133000000000001,
      7.075,
      5.166
    ],
    "Repro Upload/Kernel": [
      0.851,
      0.888,
      0.875,
      0.895,
      0.9309999999999999,
      1.038
    ],
    "Repro Finish": [
      4.611000000000001,
      4.185999999999997,
      4.491999999999998,
      4.207000000000001,
      5.920000000000001,
      4.363999999999999
    ],
    "Run Other": [
      4.526000000000005,
      4.532999999999996,
      4.639999999999999,
      4.68700000000001,
      5.701999999999986,
      4.733000000000008
    ]
  },
  "gpu_totals_ms": [
    187.38699999999994,
    190.87400000000005,
    183.79599999999996,
    179.85000000000005,
    178.476,
    186.95300000000003
  ],
  "gpu_without_first_gen_segments_ms": {
    "Compile": [
      3.515,
      4.684,
      3.435,
      3.827,
      3.347,
      3.383
    ],
    "Eval Pack/Launch/Upload": [
      2.932,
      2.99,
      2.747,
      3.447,
      2.863,
      3.853
    ],
    "Eval Kernel": [
      10.738,
      9.865,
      9.436,
      9.486,
      12.762,
      9.757
    ],
    "Eval Finish": [
      0.04299999999999926,
      0.04299999999999926,
      0.038000000000000256,
      0.05000000000000071,
      0.0649999999999995,
      0.06099999999999994
    ],
    "Repro Prepare/Preprocess/Pack": [
      5.004,
      5.086,
      5.164999999999999,
      5.133000000000001,
      7.075,
      5.166
    ],
    "Repro Upload/Kernel": [
      0.851,
      0.888,
      0.875,
      0.895,
      0.9309999999999999,
      1.038
    ],
    "Repro Finish": [
      4.611000000000001,
      4.185999999999997,
      4.491999999999998,
      4.207000000000001,
      5.920000000000001,
      4.363999999999999
    ],
    "Run Other": [
      4.526000000000005,
      4.532999999999996,
      4.639999999999999,
      4.68700000000001,
      5.701999999999986,
      4.733000000000008
    ]
  },
  "gpu_without_first_gen_totals_ms": [
    32.220000000000006,
    32.27499999999999,
    30.827999999999996,
    31.732000000000014,
    38.664999999999985,
    32.355000000000004
  ],
  "cpu_vs_gpu_speedup_x": [
    14.687235507265715,
    15.137216174020557,
    14.328222594615768,
    14.66564359188212,
    20.933996727851362,
    13.26274518194412
  ],
  "cpu_vs_gpu_without_startup_speedup_x": [
    85.41890130353815,
    89.52133230054226,
    85.42461398728427,
    83.12164376654478,
    96.6304409672831,
    76.63452325761087
  ],
  "gpu_x_values": [
    5,
    7,
    9,
    11,
    13,
    15
  ]
}