{
  "source_log_dir": "/home/hschi1106/g3p-vm-gpu/logs/node_simple_x_plus_1_1024_speedup_20260322_220459",
  "gpu_mode": "gpu_repro",
  "node_counts": [
    20,
    30,
    40,
    50,
    60,
    70
  ],
  "startup_biased_metrics": [
    "gpu_eval_init_ms",
    "repro_setup_ms"
  ],
  "cpu_segments_ms": {
    "Compile": [
      3.038,
      3.17,
      3.0,
      3.155,
      2.942,
      3.114
    ],
    "Eval": [
      6575.113,
      3706.172,
      3389.063,
      1896.841,
      2091.451,
      2149.592
    ],
    "Selection": [
      0.54,
      0.534,
      0.519,
      0.633,
      0.53,
      0.548
    ],
    "Crossover": [
      4.989,
      4.603,
      4.496,
      4.518,
      4.47,
      4.631
    ],
    "Mutation": [
      4.598,
      4.544,
      4.398,
      4.473,
      4.464,
      4.467
    ],
    "Repro Other": [
      0.5859999999999985,
      0.5019999999999998,
      0.4930000000000003,
      0.5350000000000001,
      0.5010000000000003,
      0.5089999999999995
    ],
    "Run Other": [
      3.6060000000004155,
      3.6030000000000584,
      3.554000000000036,
      3.710000000000141,
      3.4950000000000365,
      3.479999999999764
    ]
  },
  "cpu_totals_ms": [
    6592.47,
    3723.128,
    3405.523,
    1913.865,
    2107.853,
    2166.3409999999994
  ],
  "gpu_segments_ms": {
    "Compile": [
      3.065,
      3.166,
      3.011,
      2.943,
      3.284,
      3.114
    ],
    "Eval Init (first gen only)": [
      125.0,
      123.874,
      142.491,
      142.411,
      131.915,
      133.183
    ],
    "Eval Pack/Launch/Upload": [
      2.487,
      2.496,
      2.363,
      2.157,
      2.2920000000000003,
      2.3099999999999996
    ],
    "Eval Kernel": [
      52.534,
      23.169,
      22.169,
      11.508,
      12.631,
      13.687
    ],
    "Eval Finish": [
      0.04299999999999926,
      0.04200000000000159,
      0.04100000000000037,
      0.04300000000000104,
      0.041999999999999815,
      0.04200000000000159
    ],
    "Repro Setup (usually first gen only)": [
      1.121,
      1.13,
      1.121,
      1.148,
      1.113,
      1.125
    ],
    "Repro Prepare/Preprocess/Pack": [
      4.457,
      4.478,
      4.306,
      4.329000000000001,
      4.33,
      4.361
    ],
    "Repro Upload/Kernel": [
      0.43199999999999994,
      0.40800000000000003,
      0.423,
      0.42999999999999994,
      0.401,
      0.43099999999999994
    ],
    "Repro Finish": [
      3.6649999999999996,
      3.763,
      3.6790000000000016,
      3.499999999999999,
      3.618000000000001,
      3.8749999999999996
    ],
    "Run Other": [
      3.9840000000000195,
      4.005999999999997,
      3.9700000000000237,
      3.8479999999999954,
      4.81600000000002,
      4.853999999999987
    ]
  },
  "gpu_totals_ms": [
    196.78799999999998,
    166.532,
    183.57400000000007,
    172.31700000000004,
    164.44200000000004,
    166.982
  ],
  "gpu_without_first_gen_segments_ms": {
    "Compile": [
      3.065,
      3.166,
      3.011,
      2.943,
      3.284,
      3.114
    ],
    "Eval Pack/Launch/Upload": [
      2.487,
      2.496,
      2.363,
      2.157,
      2.2920000000000003,
      2.3099999999999996
    ],
    "Eval Kernel": [
      52.534,
      23.169,
      22.169,
      11.508,
      12.631,
      13.687
    ],
    "Eval Finish": [
      0.04299999999999926,
      0.04200000000000159,
      0.04100000000000037,
      0.04300000000000104,
      0.041999999999999815,
      0.04200000000000159
    ],
    "Repro Prepare/Preprocess/Pack": [
      4.457,
      4.478,
      4.306,
      4.329000000000001,
      4.33,
      4.361
    ],
    "Repro Upload/Kernel": [
      0.43199999999999994,
      0.40800000000000003,
      0.423,
      0.42999999999999994,
      0.401,
      0.43099999999999994
    ],
    "Repro Finish": [
      3.6649999999999996,
      3.763,
      3.6790000000000016,
      3.499999999999999,
      3.618000000000001,
      3.8749999999999996
    ],
    "Run Other": [
      3.9840000000000195,
      4.005999999999997,
      3.9700000000000237,
      3.8479999999999954,
      4.81600000000002,
      4.853999999999987
    ]
  },
  "gpu_without_first_gen_totals_ms": [
    70.66700000000003,
    41.52799999999999,
    39.96200000000003,
    28.757999999999992,
    31.414000000000023,
    32.673999999999985
  ],
  "cpu_vs_gpu_speedup_x": [
    33.50036587596805,
    22.356832320514975,
    18.551227297983367,
    11.106652274586951,
    12.818215541041823,
    12.973500137739395
  ],
  "cpu_vs_gpu_without_startup_speedup_x": [
    93.28922976778408,
    89.65343864380661,
    85.2190330814273,
    66.55069893594828,
    67.09915961036477,
    66.30167717451185
  ],
  "gpu_node_counts": [
    20,
    30,
    40,
    50,
    60,
    70
  ]
}