{
  "source_log_dir": "logs/node_simple_x_plus_1_1024_speedup_rerun_20260325_225723",
  "gpu_mode": "gpu_repro",
  "sweep_key": "target_node_count",
  "sweep_label": "Number of nodes",
  "x_values": [
    20,
    30,
    40,
    50,
    60,
    70
  ],
  "startup_biased_metrics": [
    "gpu_eval_init_ms",
    "repro_setup_ms"
  ],
  "cpu_segments_ms": {
    "Compile": [
      3.682,
      3.501,
      4.625,
      3.187,
      4.509,
      3.876
    ],
    "Eval": [
      8563.35,
      4383.359,
      4501.582,
      2283.071,
      2561.807,
      2690.063
    ],
    "Selection": [
      0.632,
      0.595,
      0.592,
      0.598,
      0.596,
      0.637
    ],
    "Crossover": [
      6.575,
      5.873,
      5.434,
      5.565,
      5.776,
      6.435
    ],
    "Mutation": [
      5.36,
      5.047,
      4.673,
      4.785,
      5.079,
      5.444
    ],
    "Repro Other": [
      0.6639999999999997,
      0.5679999999999996,
      0.54,
      0.6159999999999988,
      0.5580000000000007,
      0.625
    ],
    "Run Other": [
      4.235999999998734,
      4.053999999999716,
      3.9599999999996136,
      3.8710000000004,
      4.142000000000294,
      4.362999999999905
    ]
  },
  "cpu_totals_ms": [
    8584.499000000002,
    4402.997,
    4521.406,
    2301.693,
    2582.467,
    2711.443
  ],
  "gpu_segments_ms": {
    "Compile": [
      3.533,
      3.508,
      3.587,
      4.392,
      3.398,
      4.987
    ],
    "Eval Init (first gen only)": [
      146.239,
      142.352,
      148.26,
      164.54,
      146.49,
      147.1
    ],
    "Eval Pack/Launch/Upload": [
      2.992,
      3.1310000000000002,
      2.872,
      3.505,
      3.173,
      2.782
    ],
    "Eval Kernel": [
      44.455,
      21.757,
      18.843,
      9.359,
      10.935,
      11.713
    ],
    "Eval Finish": [
      0.06700000000000728,
      0.06799999999999784,
      0.05900000000000105,
      0.045000000000001705,
      0.04099999999999859,
      0.049000000000001265
    ],
    "Repro Setup (usually first gen only)": [
      1.956,
      1.487,
      1.487,
      1.893,
      1.414,
      1.416
    ],
    "Repro Prepare/Preprocess/Pack": [
      8.469,
      6.106999999999999,
      6.107,
      7.084,
      6.02,
      5.8420000000000005
    ],
    "Repro Upload/Kernel": [
      1.126,
      1.055,
      0.992,
      1.062,
      1.023,
      1.024
    ],
    "Repro Finish": [
      7.598999999999999,
      5.428,
      5.211999999999996,
      6.512999999999997,
      5.454999999999996,
      5.178000000000001
    ],
    "Run Other": [
      6.006000000000036,
      4.804,
      4.581000000000019,
      5.350999999999992,
      4.65400000000003,
      4.596000000000011
    ]
  },
  "gpu_totals_ms": [
    222.442,
    189.69700000000003,
    191.99999999999997,
    203.74400000000003,
    182.603,
    184.687
  ],
  "gpu_without_first_gen_segments_ms": {
    "Compile": [
      3.533,
      3.508,
      3.587,
      4.392,
      3.398,
      4.987
    ],
    "Eval Pack/Launch/Upload": [
      2.992,
      3.1310000000000002,
      2.872,
      3.505,
      3.173,
      2.782
    ],
    "Eval Kernel": [
      44.455,
      21.757,
      18.843,
      9.359,
      10.935,
      11.713
    ],
    "Eval Finish": [
      0.06700000000000728,
      0.06799999999999784,
      0.05900000000000105,
      0.045000000000001705,
      0.04099999999999859,
      0.049000000000001265
    ],
    "Repro Prepare/Preprocess/Pack": [
      8.469,
      6.106999999999999,
      6.107,
      7.084,
      6.02,
      5.8420000000000005
    ],
    "Repro Upload/Kernel": [
      1.126,
      1.055,
      0.992,
      1.062,
      1.023,
      1.024
    ],
    "Repro Finish": [
      7.598999999999999,
      5.428,
      5.211999999999996,
      6.512999999999997,
      5.454999999999996,
      5.178000000000001
    ],
    "Run Other": [
      6.006000000000036,
      4.804,
      4.581000000000019,
      5.350999999999992,
      4.65400000000003,
      4.596000000000011
    ]
  },
  "gpu_without_first_gen_totals_ms": [
    74.24700000000004,
    45.858,
    42.253000000000014,
    37.31099999999999,
    34.69900000000002,
    36.17100000000001
  ],
  "cpu_vs_gpu_speedup_x": [
    38.592077934922365,
    23.21068335292598,
    23.548989583333338,
    11.296985432699858,
    14.14252230248134,
    14.681287800440746
  ],
  "cpu_vs_gpu_without_startup_speedup_x": [
    115.62081969641866,
    96.01371625452485,
    107.00792843111728,
    61.68939454852458,
    74.4248249229084,
    74.96179259627878
  ],
  "gpu_x_values": [
    20,
    30,
    40,
    50,
    60,
    70
  ]
}