{
  "source_log_dir": "logs/depth_simple_x_plus_1_1024_speedup_rerun_20260325_230215",
  "gpu_mode": "gpu_repro",
  "sweep_key": "max_expr_depth",
  "sweep_label": "Exact Depth",
  "x_values": [
    5,
    7,
    9,
    11,
    13,
    15
  ],
  "startup_biased_metrics": [
    "gpu_eval_init_ms",
    "repro_setup_ms"
  ],
  "cpu_segments_ms": {
    "Compile": [
      4.646,
      3.308,
      4.67,
      4.579,
      3.369,
      3.527
    ],
    "Eval": [
      3025.402,
      2789.448,
      3043.701,
      2349.732,
      3652.331,
      2751.374
    ],
    "Selection": [
      0.593,
      0.595,
      0.945,
      0.629,
      0.721,
      0.633
    ],
    "Crossover": [
      5.747,
      5.894,
      8.26,
      5.876,
      7.78,
      6.488
    ],
    "Mutation": [
      5.032,
      5.141,
      6.818,
      5.072,
      6.731,
      5.462
    ],
    "Repro Other": [
      0.5679999999999996,
      0.5629999999999988,
      0.9029999999999987,
      0.577,
      0.8500000000000005,
      0.6550000000000002
    ],
    "Run Other": [
      4.177999999999939,
      4.145999999999942,
      5.0439999999998015,
      4.088999999999938,
      5.177999999999763,
      4.272000000000219
    ]
  },
  "cpu_totals_ms": [
    3046.166,
    2809.0949999999993,
    3070.3410000000003,
    2370.5540000000005,
    3676.9600000000005,
    2772.411
  ],
  "gpu_segments_ms": {
    "Compile": [
      3.526,
      3.58,
      3.732,
      3.466,
      3.382,
      3.555
    ],
    "Eval Init (first gen only)": [
      156.467,
      154.013,
      144.315,
      149.268,
      156.762,
      160.38
    ],
    "Eval Pack/Launch/Upload": [
      3.766,
      2.977,
      2.8760000000000003,
      3.8200000000000003,
      2.6950000000000003,
      2.854
    ],
    "Eval Kernel": [
      10.568,
      9.818,
      9.358,
      9.6,
      12.573,
      9.888
    ],
    "Eval Finish": [
      0.04800000000000004,
      0.04899999999999949,
      0.0470000000000006,
      0.06700000000000017,
      0.04299999999999926,
      0.04899999999999949
    ],
    "Repro Setup (usually first gen only)": [
      1.84,
      1.466,
      1.851,
      2.026,
      1.435,
      1.373
    ],
    "Repro Prepare/Preprocess/Pack": [
      8.007,
      6.077,
      8.07,
      7.853999999999999,
      5.9670000000000005,
      5.55
    ],
    "Repro Upload/Kernel": [
      1.025,
      1.013,
      1.043,
      1.103,
      1.049,
      0.9869999999999999
    ],
    "Repro Finish": [
      7.215000000000001,
      5.294999999999998,
      7.052999999999997,
      7.253999999999998,
      5.014000000000001,
      4.754000000000002
    ],
    "Run Other": [
      5.733999999999998,
      4.5929999999999875,
      4.6390000000000065,
      5.7499999999999964,
      4.689999999999973,
      4.381000000000016
    ]
  },
  "gpu_totals_ms": [
    198.19600000000005,
    188.88100000000003,
    182.984,
    190.208,
    193.61,
    193.77100000000004
  ],
  "gpu_without_first_gen_segments_ms": {
    "Compile": [
      3.526,
      3.58,
      3.732,
      3.466,
      3.382,
      3.555
    ],
    "Eval Pack/Launch/Upload": [
      3.766,
      2.977,
      2.8760000000000003,
      3.8200000000000003,
      2.6950000000000003,
      2.854
    ],
    "Eval Kernel": [
      10.568,
      9.818,
      9.358,
      9.6,
      12.573,
      9.888
    ],
    "Eval Finish": [
      0.04800000000000004,
      0.04899999999999949,
      0.0470000000000006,
      0.06700000000000017,
      0.04299999999999926,
      0.04899999999999949
    ],
    "Repro Prepare/Preprocess/Pack": [
      8.007,
      6.077,
      8.07,
      7.853999999999999,
      5.9670000000000005,
      5.55
    ],
    "Repro Upload/Kernel": [
      1.025,
      1.013,
      1.043,
      1.103,
      1.049,
      0.9869999999999999
    ],
    "Repro Finish": [
      7.215000000000001,
      5.294999999999998,
      7.052999999999997,
      7.253999999999998,
      5.014000000000001,
      4.754000000000002
    ],
    "Run Other": [
      5.733999999999998,
      4.5929999999999875,
      4.6390000000000065,
      5.7499999999999964,
      4.689999999999973,
      4.381000000000016
    ]
  },
  "gpu_without_first_gen_totals_ms": [
    39.888999999999996,
    33.40199999999998,
    36.81800000000001,
    38.914,
    35.41299999999997,
    32.018000000000015
  ],
  "cpu_vs_gpu_speedup_x": [
    15.36946255222103,
    14.872300549022924,
    16.779286713592445,
    12.462956342530285,
    18.99158101337741,
    14.307667297996085
  ],
  "cpu_vs_gpu_without_startup_speedup_x": [
    76.36606583268572,
    84.09960481408302,
    83.39238959204735,
    60.91776738448888,
    103.8307966001187,
    86.58913736023483
  ],
  "gpu_x_values": [
    5,
    7,
    9,
    11,
    13,
    15
  ]
}